"","","","","","","","","","","","","",""
"","","","","","","","","","","","","",""
"","","","","","","","","","","","","",""
"","","","","","","","","","","","","",""
"","","","","","","","","","","","","",""
"","","","","","","","","","","","","",""
"","","","","","","","","","","","","",""
"","","","","","","","","","","","","",""
"","","","","","","","","","","","","",""
"","","","","","","","","","","","","",""
"","","","","","","","","","","","","",""
"","","","","","","","","","","","","",""
"","","","","","","","","","","","","",""
"","","","","","","","","","","","","",""
"","","","","","","","","","","","","",""
"","","","","","","","","","","","","",""
"","","","","","","","","","","","","",""
"","","","","","","","","","","","","",""
"","","","","","","","","","","","","",""
"","","","","","","","","","","","","",""
"","","","","","","","","","","","","",""
"","","","","","","","","","","","","",""
"","","","","","","","","","","","","",""
"","","","","","","","","","","","","",""
"","","","","","","","","","","","","",""
"","","","","","","","","","","","","",""
"","","","","","","","","","","","","",""
"","","","","","","","","","","","","",""
"","","","","","","","","","","","","",""
"","","","","","","","","","","","","",""
"#","","Mã số","Loại","tai_khoan_nguon.account","tai_khoan_nhan.account","created_at","Số dư trước","so_diem_can_mua","Phí","Nội dung thực hiện","Trạng thái","TG Duyệt","#"
"1","","#18896","Mua MPG","an1993","an1993","7/26/2020 12:07","0","500,000","0","Đăng ký mua điểm","Chờ xử lý",""," [Phê Duyệt] | [HỦY]"
"2","","#18895","Mua MPG","nguyenlan77","nguyenlan77","7/26/2020 9:07","0","600,000","0","Đăng ký mua điểm","Chờ xử lý",""," [Phê Duyệt] | [HỦY]"
"3","","#18893","Mua MPG","doanvoc","doanvoc","7/26/2020 3:07","0","200,000","0","Bồn câu","Chờ xử lý",""," [Phê Duyệt] | [HỦY]"
"4","","#18892","Mua MPG","doanvoc","doanvoc","7/26/2020 3:07","0","200,000","0","Bồn câu","Chờ xử lý",""," [Phê Duyệt] | [HỦY]"
"5","","#18623","Mua MPG","tranthanhson","tranthanhson","7/25/2020 17:07","0","1,000,000","0","Đăng ký mua điểm","Chờ xử lý",""," [Phê Duyệt] | [HỦY]"
"6","","#18622","Mua MPG","dieusyhanam","dieusyhanam","7/25/2020 1:07","0","500,000","0","Đăng ký mua điểm","Chờ xử lý",""," [Phê Duyệt] | [HỦY]"
"7","","#18621","Mua MPG","dunghoahathanh","dunghoahathanh","7/25/2020 1:07","0","1,000,000","0","Đăng ký mua điểm","Chờ xử lý",""," [Phê Duyệt] | [HỦY]"
"8","","#18620","Mua MPG","lelanhaithanh","lelanhaithanh","7/25/2020 1:07","0","30,000,000","0","Đăng ký mua điểm","Chờ xử lý",""," [Phê Duyệt] | [HỦY]"
"9","","#18346","Mua MPG","vuthuong83","vuthuong83","7/24/2020 21:07","0","1,000,000","0","Đăng ký mua điểm","Chờ xử lý",""," [Phê Duyệt] | [HỦY]"
"10","","#18345","Mua MPG","quocbao2020","quocbao2020","7/24/2020 17:07","0","500,000","0","Đăng ký mua điểm","Chờ xử lý",""," [Phê Duyệt] | [HỦY]"
"11","","#18344","Mua MPG","daucong89","daucong89","7/24/2020 15:07","0","870,000","0","Đăng ký mua điểm","Chờ xử lý",""," [Phê Duyệt] | [HỦY]"
"12","","#18343","Mua MPG","phamha","phamha","7/24/2020 12:07","0","510,000","0","Đăng ký mua điểm","Chờ xử lý",""," [Phê Duyệt] | [HỦY]"
"13","","#18342","Mua MPG","lethu20","lethu20","7/24/2020 9:07","0","500,000","0","Đăng ký mua điểm","Chờ xử lý",""," [Phê Duyệt] | [HỦY]"
"14","","#18341","Mua MPG","hothao86","hothao86","7/24/2020 7:07","0","890,000","0","Mua hàng","Chờ xử lý",""," [Phê Duyệt] | [HỦY]"
"15","","#18065","Mua MPG","phanuan70","phanuan70","7/23/2020 21:07","0","500,000","0","Đăng ký mua điểm","Chờ xử lý",""," [Phê Duyệt] | [HỦY]"
"16","","#18064","Mua MPG","bacuc","bacuc","7/23/2020 21:07","0","703,000","0","Đăng ký mua điểm","Chờ xử lý",""," [Phê Duyệt] | [HỦY]"
"17","","#18063","Mua MPG","lehang85","lehang85","7/23/2020 17:07","0","545,000","0","Đăng ký mua điểm","Chờ xử lý",""," [Phê Duyệt] | [HỦY]"
"18","","#18062","Mua MPG","quynhnga","quynhnga","7/23/2020 14:07","0","555,000","0","Đăng ký mua điểm","Chờ xử lý",""," [Phê Duyệt] | [HỦY]"
"19","","#18061","Mua MPG","huong62","huong62","7/23/2020 11:07","0","500,000","0","Đăng ký mua điểm","Chờ xử lý",""," [Phê Duyệt] | [HỦY]"
"20","","#17784","Mua MPG","thuyvan","thuyvan","7/22/2020 16:07","0","528,000","0","Đăng ký mua điểm","Chờ xử lý",""," [Phê Duyệt] | [HỦY]"
"21","","#17783","Mua MPG","Thuha97","Thuha97","7/22/2020 12:07","0","7,540,000","0","Chuyển khoản","Chờ xử lý",""," [Phê Duyệt] | [HỦY]"
"22","","#17782","Mua MPG","Chung1963","Chung1963","7/22/2020 12:07","0","7,540,000","0","Chuyển khoản","Chờ xử lý",""," [Phê Duyệt] | [HỦY]"
"23","","#17781","Mua MPG","Thuha97","Thuha97","7/22/2020 12:07","0","14,790,000","0","Chuyển khoản","Chờ xử lý",""," [Phê Duyệt] | [HỦY]"
"24","","#17780","Mua MPG","Hoaduong86","Hoaduong86","7/22/2020 12:07","0","14,790,000","0","Chuyển khoản Đại lý: Đại Lý Dương thị Hoà Lý Sơn-Quảng Ngãi","Chờ xử lý",""," [Phê Duyệt] | [HỦY]"
"25","","#17779","Mua MPG","Hoaduong86","Hoaduong86","7/22/2020 12:07","0","14,790,000","0","Chuyển khoản Đại lý: Đại Lý Dương thị Hoà Lý Sơn-Quảng Ngãi","Chờ xử lý",""," [Phê Duyệt] | [HỦY]"
"26","","#17778","Mua MPG","Hoaduong86","Hoaduong86","7/22/2020 12:07","0","25,810,000","0","Chuyển khoản Đại lý: Đại Lý Dương thị Hoà Lý Sơn-Quảng Ngãi","Chờ xử lý",""," [Phê Duyệt] | [HỦY]"
"27","","#17777","Mua MPG","huyentg","huyentg","7/22/2020 12:07","0","520,000","0","Mua hàng","Chờ xử lý",""," [Phê Duyệt] | [HỦY]"
"28","","#17776","Mua MPG","nguyet37","nguyet37","7/22/2020 10:07","0","515,000","0","Đăng ký mua điểm","Chờ xử lý",""," [Phê Duyệt] | [HỦY]"
"29","","#17496","Mua MPG","nguyenvan","nguyenvan","7/21/2020 18:07","0","522,000","0","Đăng ký mua điểm","Chờ xử lý",""," [Phê Duyệt] | [HỦY]"
"30","","#17495","Mua MPG","hoangngo","hoangngo","7/21/2020 18:07","0","620,000","0","Đăng ký mua điểm","Chờ xử lý",""," [Phê Duyệt] | [HỦY]"
"31","","#17494","Mua MPG","Thihien123","Thihien123","7/21/2020 17:07","0","500,000","0","Mua hang cho ID Thihien123","Chờ xử lý",""," [Phê Duyệt] | [HỦY]"
"32","","#17493","Mua MPG","huong87","huong87","7/21/2020 15:07","0","533,000","0","mua hàng","Chờ xử lý",""," [Phê Duyệt] | [HỦY]"
"33","","#17492","Mua MPG","huong87","huong87","7/21/2020 15:07","0","533,000","0","Đăng ký mua điểm","Chờ xử lý",""," [Phê Duyệt] | [HỦY]"
"34","","#17491","Mua MPG","thang59","thang59","7/21/2020 15:07","0","510,000","0","mua hàng","Chờ xử lý",""," [Phê Duyệt] | [HỦY]"
"35","","#17490","Mua MPG","thang59","thang59","7/21/2020 15:07","0","510,000","0","Đăng ký mua điểm","Chờ xử lý",""," [Phê Duyệt] | [HỦY]"
"36","","#17489","Mua MPG","Hoa60","Hoa60","7/21/2020 15:07","0","689,000","0","mua hàng","Chờ xử lý",""," [Phê Duyệt] | [HỦY]"
"37","","#17488","Mua MPG","luong65","luong65","7/21/2020 14:07","0","573,000","0","mua hàng","Chờ xử lý",""," [Phê Duyệt] | [HỦY]"
"38","","#17487","Mua MPG","thanh89","thanh89","7/21/2020 14:07","0","560,000","0","mua hàng","Chờ xử lý",""," [Phê Duyệt] | [HỦY]"
"39","","#17486","Mua MPG","man62","man62","7/21/2020 14:07","0","500,000","0","mua hàng","Chờ xử lý",""," [Phê Duyệt] | [HỦY]"
"40","","#17485","Mua MPG","huong37","huong37","7/21/2020 13:07","0","20,440,000","0","Mua hàng","Chờ xử lý",""," [Phê Duyệt] | [HỦY]"
"41","","#17484","Mua MPG","huong37","huong37","7/21/2020 10:07","0","20,440,000","0","Mua hàng.","Chờ xử lý",""," [Phê Duyệt] | [HỦY]"
"42","","#17483","Mua MPG","huong37","huong37","7/21/2020 10:07","0","20,440,000","0","Mua hàng.","Chờ xử lý",""," [Phê Duyệt] | [HỦY]"
"43","","#17482","Mua MPG","tranquang77","tranquang77","7/21/2020 10:07","0","1,000,000","0","Đăng ký mua điểm","Chờ xử lý",""," [Phê Duyệt] | [HỦY]"
"44","","#17481","Mua MPG","doanvoc","doanvoc","7/21/2020 9:07","0","200,000","0","Mua thêm bồn cầu","Chờ xử lý",""," [Phê Duyệt] | [HỦY]"
"45","","#17480","Mua MPG","hoangduc","hoangduc","7/21/2020 9:07","0","500,000","0","Đăng ký mua điểm","Chờ xử lý",""," [Phê Duyệt] | [HỦY]"
"46","","#17479","Mua MPG","caolan80","caolan80","7/21/2020 9:07","0","520,000","0","Đăng ký mua điểm","Chờ xử lý",""," [Phê Duyệt] | [HỦY]"
"47","","#17478","Mua MPG","leha81","leha81","7/21/2020 8:07","0","500,000","0","Đăng ký mua điểm","Chờ xử lý",""," [Phê Duyệt] | [HỦY]"
"48","","#17477","Mua MPG","quynh95","quynh95","7/21/2020 7:07","0","20,000,000","0","Đăng ký mua điểm","Chờ xử lý",""," [Phê Duyệt] | [HỦY]"
"49","","#17476","Mua MPG","vanvu","vanvu","7/21/2020 7:07","0","555,000","0","Đăng ký mua điểm","Chờ xử lý",""," [Phê Duyệt] | [HỦY]"
"50","","#17475","Mua MPG","thanhtrieu92","thanhtrieu92","7/21/2020 0:07","0","23,610,000","0","Đăng ký mua điểm","Chờ xử lý",""," [Phê Duyệt] | [HỦY]"
"51","","#17196","Mua MPG","hieuhieu08","hieuhieu08","7/20/2020 23:07","0","20,000,000","0","mua hàng không công nợ và km sp","Chờ xử lý",""," [Phê Duyệt] | [HỦY]"
"52","","#17195","Mua MPG","Myhoa60","Myhoa60","7/20/2020 22:07","0","320,000","0","Nạp điểm mua hàng","Chờ xử lý",""," [Phê Duyệt] | [HỦY]"
"53","","#17194","Mua MPG","tranlien01","tranlien01","7/20/2020 22:07","0","20,000,000","0","Đăng ký mua điểm","Chờ xử lý",""," [Phê Duyệt] | [HỦY]"
"54","","#17193","Mua MPG","Ngocanh","Ngocanh","7/20/2020 22:07","0","180,000","0","Nạp điểm mua hàng","Chờ xử lý",""," [Phê Duyệt] | [HỦY]"
"55","","#17192","Mua MPG","Lelai","Lelai","7/20/2020 22:07","0","175,000","0","Nạp điểm mua hàng","Chờ xử lý",""," [Phê Duyệt] | [HỦY]"
"56","","#17191","Mua MPG","Myhoa60","Myhoa60","7/20/2020 22:07","0","320","0","Nạp điểm mua hàng","Chờ xử lý",""," [Phê Duyệt] | [HỦY]"
"57","","#17190","Mua MPG","luongminh80","luongminh80","7/20/2020 22:07","0","540,000","0","Đăng ký mua điểm","Chờ xử lý",""," [Phê Duyệt] | [HỦY]"
"58","","#17189","Mua MPG","phamthu85","phamthu85","7/20/2020 21:07","0","500,000","0","Đăng ký mua điểm","Chờ xử lý",""," [Phê Duyệt] | [HỦY]"
"59","","#17188","Mua MPG","Thuhuong62","Thuhuong62","7/20/2020 21:07","0","215,000","0","Nạp điểm mua hàng","Chờ xử lý",""," [Phê Duyệt] | [HỦY]"
"60","","#17187","Mua MPG","phamdao","phamdao","7/20/2020 21:07","0","1,476,000","0","Mua hàng","Chờ xử lý",""," [Phê Duyệt] | [HỦY]"
"61","","#17186","Mua MPG","trannhung20","trannhung20","7/20/2020 21:07","0","1,000,000","0","Mua hang","Chờ xử lý",""," [Phê Duyệt] | [HỦY]"
"62","","#17185","Mua MPG","trannhung20","trannhung20","7/20/2020 21:07","0","500,000","0","Đăng ký mua điểm","Chờ xử lý",""," [Phê Duyệt] | [HỦY]"
"63","","#17184","Mua MPG","ngocvu85","ngocvu85","7/20/2020 21:07","0","30,000,000","0","Đăng ký mua điểm","Chờ xử lý",""," [Phê Duyệt] | [HỦY]"
"64","","#17183","Mua MPG","Vinh866","Vinh866","7/20/2020 19:07","0","30,000,000","0","Ib: Vinh866, đại lý uỷ quyền mua hàng hoàn 100% sản phẩm","Chờ xử lý",""," [Phê Duyệt] | [HỦY]"
"65","","#17182","Mua MPG","Thanhliem123","Thanhliem123","7/20/2020 19:07","0","30,000,000","0","Mua hàng gói đại lý","Chờ xử lý",""," [Phê Duyệt] | [HỦY]"
"66","","#17181","Mua MPG","Thanhliem123","Thanhliem123","7/20/2020 19:07","0","3,000,000","0","Mua hàng gói đại lý","Chờ xử lý",""," [Phê Duyệt] | [HỦY]"
"67","","#17180","Mua MPG","minh1960","minh1960","7/20/2020 18:07","0","600,000","0","Mua hang","Chờ xử lý",""," [Phê Duyệt] | [HỦY]"
"68","","#17179","Mua MPG","nnguyenoanh","nnguyenoanh","7/20/2020 16:07","0","315,000","0","Nạp điểm mua hàng","Chờ xử lý",""," [Phê Duyệt] | [HỦY]"
"69","","#17178","Mua MPG","caotan37","caotan37","7/20/2020 16:07","0","315,000","0","Nạp điểm mua hàng","Chờ xử lý",""," [Phê Duyệt] | [HỦY]"
"70","","#17177","Mua MPG","ky57","ky57","7/20/2020 16:07","0","315,000","0","Nạp điểm mua hàng","Chờ xử lý",""," [Phê Duyệt] | [HỦY]"
"71","","#17176","Mua MPG","tatthanh93","tatthanh93","7/20/2020 16:07","0","20,000,000","0","Nạp điểm mua hàng","Chờ xử lý",""," [Phê Duyệt] | [HỦY]"
"72","","#17175","Mua MPG","hanh37","hanh37","7/20/2020 16:07","0","546,000","0","mua hàng","Chờ xử lý",""," [Phê Duyệt] | [HỦY]"
"73","","#17174","Mua MPG","ngominh37","ngominh37","7/20/2020 16:07","0","500,000","0","Đăng ký mua điểm","Chờ xử lý",""," [Phê Duyệt] | [HỦY]"
"74","","#17173","Mua MPG","tathilau","tathilau","7/20/2020 16:07","0","20,000,000","0","Đăng ký mua điểm","Chờ xử lý",""," [Phê Duyệt] | [HỦY]"
"75","","#17172","Mua MPG","ninhhb","ninhhb","7/20/2020 16:07","0","500,000","0","Đăng ký mua điểm","Chờ xử lý",""," [Phê Duyệt] | [HỦY]"
"76","","#17171","Mua MPG","vinh866","vinh866","7/20/2020 16:07","0","20,000,000","0","Đăng ký mua điểm","Chờ xử lý",""," [Phê Duyệt] | [HỦY]"
"77","","#17170","Mua MPG","nguyenlien68","nguyenlien68","7/20/2020 16:07","0","20,000,000","0","Đăng ký mua điểm","Chờ xử lý",""," [Phê Duyệt] | [HỦY]"
"78","","#17169","Mua MPG","nguyenthithao37","nguyenthithao37","7/20/2020 16:07","0","560,000","0","Mua hàng","Chờ xử lý",""," [Phê Duyệt] | [HỦY]"
"79","","#17168","Mua MPG","doanvoc","doanvoc","7/20/2020 16:07","0","200","0","Mua nuoc rua chen to nho","Chờ xử lý",""," [Phê Duyệt] | [HỦY]"
"80","","#17167","Mua MPG","hong37","hong37","7/20/2020 16:07","0","780,000","0","Mua hang","Chờ xử lý",""," [Phê Duyệt] | [HỦY]"
"81","","#17166","Mua MPG","thuong37","thuong37","7/20/2020 15:07","0","22,400,000","0","Nạp điểm mua hàng","Chờ xử lý",""," [Phê Duyệt] | [HỦY]"
"82","","#17165","Mua MPG","thannghe20","thannghe20","7/20/2020 15:07","0","305,000","0","Mua hang","Chờ xử lý",""," [Phê Duyệt] | [HỦY]"
"83","","#17164","Mua MPG","nguyendao","nguyendao","7/20/2020 15:07","0","20,000,000","0","Mua hàng","Chờ xử lý",""," [Phê Duyệt] | [HỦY]"
"84","","#17163","Mua MPG","dien75","dien75","7/20/2020 15:07","0","20,000,000","0","Đăng ký mua điểm","Chờ xử lý",""," [Phê Duyệt] | [HỦY]"
"85","","#17162","Mua MPG","trang65","trang65","7/20/2020 15:07","0","20,000,000","0","Đăng ký mua điểm","Chờ xử lý",""," [Phê Duyệt] | [HỦY]"
"86","","#17161","Mua MPG","daothithuyvinh","daothithuyvinh","7/20/2020 14:07","0","529,000","0","Đăng ký mua điểm","Chờ xử lý",""," [Phê Duyệt] | [HỦY]"
"87","","#17159","Mua MPG","hoangcau66","hoangcau66","7/20/2020 12:07","0","520,000","0","Đăng ký mua điểm","Chờ xử lý",""," [Phê Duyệt] | [HỦY]"
"88","","#17156","Mua MPG","tuyetxuan79","tuyetxuan79","7/20/2020 11:07","0","20,000,000","0","dai ly 20tr theo chương trình 16-20/7/2020 id tuyetxuan79","Chờ xử lý",""," [Phê Duyệt] | [HỦY]"
"89","","#16874","Mua MPG","samaia","samaia","7/19/2020 15:07","0","500,000","0","Đăng ký mua điểm","Chờ xử lý",""," [Phê Duyệt] | [HỦY]"
"90","","#16873","Mua MPG","giang2020","giang2020","7/19/2020 11:07","0","305,000","0","Mua hang","Chờ xử lý",""," [Phê Duyệt] | [HỦY]"
"91","","#16870","Mua MPG","honghai2020","honghai2020","7/19/2020 10:07","0","500,000","0","Mua hàng","Chờ xử lý",""," [Phê Duyệt] | [HỦY]"
"92","","#16869","Mua MPG","thuyhana20","thuyhana20","7/19/2020 9:07","0","20,072,000","0","Mua hàng Đại lý: Nguyễn Thị Thuý Hà Quỳnh Lưu-Nghệ An","Chờ xử lý",""," [Phê Duyệt] | [HỦY]"
"93","","#16868","Mua MPG","anhha20","anhha20","7/19/2020 9:07","0","2,000,000","0","Đăng ký mua điểm","Chờ xử lý",""," [Phê Duyệt] | [HỦY]"
"94","","#16593","Mua MPG","hoandc","hoandc","7/18/2020 21:07","0","1,120,000","0","Chuyển tiền mua hàng","Chờ xử lý",""," [Phê Duyệt] | [HỦY]"
"95","","#16592","Mua MPG","hoandc","hoandc","7/18/2020 21:07","0","5,050,000","0","Chuyển tiền mua hàng","Chờ xử lý",""," [Phê Duyệt] | [HỦY]"
"96","","#16591","Mua MPG","quang84","quang84","7/18/2020 18:07","0","20,000,000","0","Mua đơn ngày 18/7/2020","Chờ xử lý",""," [Phê Duyệt] | [HỦY]"
"97","","#16590","Mua MPG","haty89","haty89","7/18/2020 16:07","0","600,000","0","Đăng ký mua điểm","Chờ xử lý",""," [Phê Duyệt] | [HỦY]"
"98","","#16588","Mua MPG","nguyendao","nguyendao","7/18/2020 14:07","0","580","0","Mua sua","Chờ xử lý",""," [Phê Duyệt] | [HỦY]"
"99","","#16587","Mua MPG","nguyendao","nguyendao","7/18/2020 14:07","0","508","0","Mú sua","Chờ xử lý",""," [Phê Duyệt] | [HỦY]"
"100","","#16585","Mua MPG","thannghe20","thannghe20","7/18/2020 9:07","0","30,000,000","0","Mua hang","Chờ xử lý",""," [Phê Duyệt] | [HỦY]"
"101","","#16311","Mua MPG","ngoquynh96","ngoquynh96","7/17/2020 21:07","0","500,000","0","Đăng ký mua điểm","Chờ xử lý",""," [Phê Duyệt] | [HỦY]"
"102","","#16310","Mua MPG","ngohuong95","ngohuong95","7/17/2020 21:07","0","1,000,000","0","Đăng ký mua điểm","Chờ xử lý",""," [Phê Duyệt] | [HỦY]"
"103","","#16307","Mua MPG","lethuanna20","lethuanna20","7/17/2020 19:07","0","350,000","0","Mua hang","Chờ xử lý",""," [Phê Duyệt] | [HỦY]"
"104","","#16303","Mua MPG","hangtao20","hangtao20","7/17/2020 19:07","0","1,000","0","Mua hàng","Chờ xử lý",""," [Phê Duyệt] | [HỦY]"
"105","","#16302","Mua MPG","luong72","luong72","7/17/2020 18:07","0","10","0","Mua hàng","Chờ xử lý",""," [Phê Duyệt] | [HỦY]"
"106","","#16301","Mua MPG","hoa60","hoa60","7/17/2020 18:07","0","689,000","0","Đăng ký mua điểm","Chờ xử lý",""," [Phê Duyệt] | [HỦY]"
"107","","#16300","Mua MPG","luong65","luong65","7/17/2020 18:07","0","573,000","0","Đăng ký mua điểm","Chờ xử lý",""," [Phê Duyệt] | [HỦY]"
"108","","#16298","Mua MPG","qui72","qui72","7/17/2020 17:07","0","500,000","0","Mua hàng","Chờ xử lý",""," [Phê Duyệt] | [HỦY]"
"109","","#16297","Mua MPG","hoanglong","hoanglong","7/17/2020 17:07","0","550,000","0","Đăng ký mua điểm","Chờ xử lý",""," [Phê Duyệt] | [HỦY]"
"110","","#16294","Mua MPG","honghai2020","honghai2020","7/17/2020 17:07","0","530,000","0","Đăng ký mua điểm","Chờ xử lý",""," [Phê Duyệt] | [HỦY]"
"111","","#16286","Mua MPG","Nguyenphuong87","Nguyenphuong87","7/17/2020 15:07","0","504,000","0","Nguyenphuong87 mua nước mắm","Chờ xử lý",""," [Phê Duyệt] | [HỦY]"
"112","","#16274","Mua MPG","hanh37","hanh37","7/17/2020 10:07","0","546,000","0","Đăng ký mua điểm","Chờ xử lý",""," [Phê Duyệt] | [HỦY]"
"113","","#16270","Mua MPG","hong02","hong02","7/17/2020 4:07","0","85,000,000","0","ck mua hang","Chờ xử lý",""," [Phê Duyệt] | [HỦY]"
"114","","#15701","Mua MPG","qui72","qui72","7/15/2020 18:07","0","500,000","0","Đăng ký mua điểm","Chờ xử lý",""," [Phê Duyệt] | [HỦY]"
"115","","#15699","Mua MPG","thuyet37","thuyet37","7/15/2020 17:07","0","525,000","0","Đăng ký mua điểm","Chờ xử lý",""," [Phê Duyệt] | [HỦY]"
"116","","#15677","Mua MPG","nguyendao","nguyendao","7/15/2020 14:07","0","890,000","0","Mua hàng","Chờ xử lý",""," [Phê Duyệt] | [HỦY]"
"117","","#15659","Mua MPG","hoanguyen","hoanguyen","7/15/2020 10:07","0","600,000","0","Đăng ký mua điểm","Chờ xử lý",""," [Phê Duyệt] | [HỦY]"
"118","","#15393","Mua MPG","donghuyen","donghuyen","7/14/2020 16:07","0","20,000,000","0","Đăng ký mua điểm","Chờ xử lý",""," [Phê Duyệt] | [HỦY]"
"119","","#15392","Mua MPG","xuanhd7968","xuanhd7968","7/14/2020 16:07","0","520,000","0","Đăng ký mua điểm","Chờ xử lý",""," [Phê Duyệt] | [HỦY]"
"120","","#15391","Mua MPG","caohop87","caohop87","7/14/2020 15:07","0","30,258,000","0","Đăng ký mua điểm","Chờ xử lý",""," [Phê Duyệt] | [HỦY]"
"121","","#15389","Mua MPG","nguyenphuong87","nguyenphuong87","7/14/2020 14:07","0","504,000","0","Đăng ký mua điểm","Chờ xử lý",""," [Phê Duyệt] | [HỦY]"
"122","","#15385","Mua MPG","Nguyenhoaquangxuong","Nguyenhoaquangxuong","7/14/2020 11:07","0","20,000,000","0","Chuyển mua hàng","Chờ xử lý",""," [Phê Duyệt] | [HỦY]"
"123","","#15099","Mua MPG","Hoandc","Hoandc","7/13/2020 22:07","0","3,930,000","0","Tiền mua hàng","Chờ xử lý",""," [Phê Duyệt] | [HỦY]"
"124","","#15098","Mua MPG","doanthithuy","doanthithuy","7/13/2020 20:07","0","30,000,000","0","Mua điểm Đại lý: Đại Lý Đoàn Thị Thủy tp.Thanh Hóa - Thanh Hóa","Chờ xử lý",""," [Phê Duyệt] | [HỦY]"
"125","","#15093","Mua MPG","haitruong","haitruong","7/13/2020 17:07","0","33,015,000","0","Đăng ký mua điểm","Chờ xử lý",""," [Phê Duyệt] | [HỦY]"
"126","","#15091","Mua MPG","thuthuyqn","thuthuyqn","7/13/2020 16:07","0","21,900,000","0","Đăng ký mua điểm","Chờ xử lý",""," [Phê Duyệt] | [HỦY]"
"127","","#15090","Mua MPG","buiyen","buiyen","7/13/2020 16:07","0","20,802,000","0","Mua hàng","Chờ xử lý",""," [Phê Duyệt] | [HỦY]"
"128","","#14745","Mua MPG","thuminh91","thuminh91","7/12/2020 21:07","0","500,000","0","Đăng ký mua điểm","Chờ xử lý",""," [Phê Duyệt] | [HỦY]"
"129","","#14740","Mua MPG","Toahuynh93","Toahuynh93","7/12/2020 14:07","0","6,400,000","0","Mua đơn hàng toahuynh93","Chờ xử lý",""," [Phê Duyệt] | [HỦY]"
"130","","#14738","Mua MPG","leluu01","leluu01","7/12/2020 10:07","0","500,000","0","Đăng ký mua điểm","Chờ xử lý",""," [Phê Duyệt] | [HỦY]"
"131","","#14387","Mua MPG","sonthao","sonthao","7/11/2020 20:07","0","520,000","0","Đăng ký mua điểm","Chờ xử lý",""," [Phê Duyệt] | [HỦY]"
"132","","#14386","Mua MPG","luule","luule","7/11/2020 18:07","0","3,010,000","0","Đăng ký mua điểm","Chờ xử lý",""," [Phê Duyệt] | [HỦY]"
"133","","#14383","Mua MPG","hoantu86","hoantu86","7/11/2020 14:07","0","694,000","0","Đăng ký mua điểm","Chờ xử lý",""," [Phê Duyệt] | [HỦY]"
"134","","#14382","Mua MPG","buiyen","buiyen","7/11/2020 10:07","0","20,804,000","0","Đăng ký mua điểm","Chờ xử lý",""," [Phê Duyệt] | [HỦY]"
"135","","#14015","Mua MPG","hoa82","hoa82","7/10/2020 14:07","0","500,000","0","Đăng ký mua điểm","Chờ xử lý",""," [Phê Duyệt] | [HỦY]"
"136","","#13643","Mua MPG","lucnam72","lucnam72","7/9/2020 22:07","0","20,000,000","0","Đăng ký mua điểm","Chờ xử lý",""," [Phê Duyệt] | [HỦY]"
"137","","#13642","Mua MPG","thanhliemth1","thanhliemth1","7/9/2020 20:07","0","200,000","0","Mua thêm MPG","Chờ xử lý",""," [Phê Duyệt] | [HỦY]"
"138","","#13636","Mua MPG","ngoc64","ngoc64","7/9/2020 15:07","0","500,000","0","Đăng ký mua điểm","Chờ xử lý",""," [Phê Duyệt] | [HỦY]"
"139","","#13634","Mua MPG","tuanthanh","tuanthanh","7/9/2020 15:07","0","500,000","0","Mua hang","Chờ xử lý",""," [Phê Duyệt] | [HỦY]"
"140","","#13631","Mua MPG","tu52","tu52","7/9/2020 14:07","0","758,000","0","Đăng ký mua điểm","Chờ xử lý",""," [Phê Duyệt] | [HỦY]"
"141","","#13630","Mua MPG","dan59","dan59","7/9/2020 14:07","0","500,000","0","Đăng ký mua điểm","Chờ xử lý",""," [Phê Duyệt] | [HỦY]"
"142","","#13257","Mua MPG","doha84","doha84","7/8/2020 17:07","0","3,000,000","0","Đăng ký mua điểm","Chờ xử lý",""," [Phê Duyệt] | [HỦY]"
"143","","#13256","Mua MPG","ha68","ha68","7/8/2020 15:07","0","500,000","0","Đăng ký mua điểm","Chờ xử lý",""," [Phê Duyệt] | [HỦY]"
"144","","#13255","Mua MPG","ha66","ha66","7/8/2020 15:07","0","500,000","0","Đăng ký mua điểm","Chờ xử lý",""," [Phê Duyệt] | [HỦY]"
"145","","#13254","Mua MPG","hien61","hien61","7/8/2020 14:07","0","565,000","0","Đăng ký mua điểm","Chờ xử lý",""," [Phê Duyệt] | [HỦY]"
"146","","#13250","Mua MPG","huongpham88","huongpham88","7/8/2020 9:07","0","616,000","0","Đăng ký mua điểm","Chờ xử lý",""," [Phê Duyệt] | [HỦY]"
"147","","#12877","Mua MPG","tam54","tam54","7/7/2020 15:07","0","500,000","0","Đăng ký mua điểm","Chờ xử lý",""," [Phê Duyệt] | [HỦY]"
"148","","#12875","Mua MPG","lehue20","lehue20","7/7/2020 12:07","0","500,000","0","Đăng ký mua điểm","Chờ xử lý",""," [Phê Duyệt] | [HỦY]"
"149","","#12495","Mua MPG","nghean37","nghean37","7/6/2020 17:07","0","674,000","0","Mua hang","Chờ xử lý",""," [Phê Duyệt] | [HỦY]"
"150","","#12494","Mua MPG","nghean37","nghean37","7/6/2020 17:07","0","67,400","0","Mua hang","Chờ xử lý",""," [Phê Duyệt] | [HỦY]"
"151","","#12489","Mua MPG","tatthanh93","tatthanh93","7/6/2020 16:07","0","5,078,000","0","Đăng ký mua điểm","Chờ xử lý",""," [Phê Duyệt] | [HỦY]"
"152","","#12108","Mua MPG","hongtham","hongtham","7/5/2020 22:07","0","500,000","0","Đăng ký mua điểm","Chờ xử lý",""," [Phê Duyệt] | [HỦY]"
"153","","#10892","Mua MPG","nghean37","nghean37","7/2/2020 23:07","0","270,000","0","Mua hàng","Chờ xử lý",""," [Phê Duyệt] | [HỦY]"
"154","","#10862","Mua MPG","lien67","lien67","7/2/2020 11:07","0","542,000","0","Đăng ký mua điểm","Chờ xử lý",""," [Phê Duyệt] | [HỦY]"
"155","","#10855","Mua MPG","Phuong01","Phuong01","7/2/2020 8:07","0","520,000","0","Mua điểm","Chờ xử lý",""," [Phê Duyệt] | [HỦY]"
"156","","#10849","Mua MPG","quang59","quang59","7/2/2020 5:07","0","510,000","0","Đăng ký mua điểm","Chờ xử lý",""," [Phê Duyệt] | [HỦY]"
"157","","#10442","Mua MPG","dailyledao69ht","dailyledao69ht","7/1/2020 22:07","0","20,000,000","0","Đăng ký mua điểm","Chờ xử lý",""," [Phê Duyệt] | [HỦY]"
"158","","#10428","Mua MPG","man62","man62","7/1/2020 18:07","0","505,000","0","Mua hang","Chờ xử lý",""," [Phê Duyệt] | [HỦY]"
"159","","#10022","Mua MPG","van96","van96","6/30/2020 16:06","0","898,000","0","Đăng ký mua điểm","Chờ xử lý",""," [Phê Duyệt] | [HỦY]"
"160","","#9622","Mua MPG","Thanhtruc123","Thanhtruc123","6/29/2020 21:06","0","525,000","0","Mua hàng thêm","Chờ xử lý",""," [Phê Duyệt] | [HỦY]"
"161","","#8437","Mua MPG","kimly1990","kimly1990","6/26/2020 23:06","0","500,000","0","Đăng ký mua điểm","Chờ xử lý",""," [Phê Duyệt] | [HỦY]"
"162","","#8436","Mua MPG","khanh76","khanh76","6/26/2020 22:06","0","555,000","0","Ck tien mua hang","Chờ xử lý",""," [Phê Duyệt] | [HỦY]"
"163","","#8434","Mua MPG","ha79","ha79","6/26/2020 21:06","0","500,000","0","Mua hàng","Chờ xử lý",""," [Phê Duyệt] | [HỦY]"
"164","","#8433","Mua MPG","ha79","ha79","6/26/2020 21:06","0","500,000","0","Đăng ký mua điểm","Chờ xử lý",""," [Phê Duyệt] | [HỦY]"
"165","","#8431","Mua MPG","hoa71","hoa71","6/26/2020 17:06","0","500,000","0","Mua hàng","Chờ xử lý",""," [Phê Duyệt] | [HỦY]"
"166","","#8429","Mua MPG","yennguyen91","yennguyen91","6/26/2020 15:06","0","500,000","0","Đăng ký mua điểm","Chờ xử lý",""," [Phê Duyệt] | [HỦY]"
"167","","#8428","Mua MPG","Hoa71","Hoa71","6/26/2020 14:06","0","553,000","0","Mua hàng","Chờ xử lý",""," [Phê Duyệt] | [HỦY]"
"168","","#8426","Mua MPG","hoa71","hoa71","6/26/2020 14:06","0","553,000","0","Đăng ký mua điểm","Chờ xử lý",""," [Phê Duyệt] | [HỦY]"
"169","","#8029","Mua MPG","nguyet123","nguyet123","6/25/2020 16:06","0","500,000","0","Nguyet123","Chờ xử lý",""," [Phê Duyệt] | [HỦY]"
"170","","#8027","Mua MPG","thanhtruc02","thanhtruc02","6/25/2020 9:06","0","30,000,000","0","mua hàng Đại lý: Đại Lý Nguyễn Thị Bột Tĩnh Gia - Thanh Hóa","Chờ xử lý",""," [Phê Duyệt] | [HỦY]"
"171","","#7639","Mua MPG","leluyen","leluyen","6/24/2020 14:06","0","1,120,000","0","Đăng ký mua điểm","Chờ xử lý",""," [Phê Duyệt] | [HỦY]"
"172","","#7253","Mua MPG","honu84","honu84","6/23/2020 15:06","0","30,000,000","0","Đăng ký mua điểm","Chờ xử lý",""," [Phê Duyệt] | [HỦY]"
"173","","#7251","Mua MPG","936461838","936461838","6/23/2020 14:06","0","500","0","mua điểm MPG","Chờ xử lý",""," [Phê Duyệt] | [HỦY]"
"174","","#7250","Mua MPG","Ngochoa123","Ngochoa123","6/23/2020 14:06","0","1,000,000","0","Mua hang cho id ngochoa123","Chờ xử lý",""," [Phê Duyệt] | [HỦY]"
"175","","#7249","Mua MPG","hoangphuka","hoangphuka","6/23/2020 11:06","0","21,100,000","0","Đăng ký mua điểm","Chờ xử lý",""," [Phê Duyệt] | [HỦY]"
"176","","#6870","Mua MPG","sydien72","sydien72","6/22/2020 23:06","0","500,000","0","Mua hàng","Chờ xử lý",""," [Phê Duyệt] | [HỦY]"
"177","","#6867","Mua MPG","lengoc83","lengoc83","6/22/2020 21:06","0","20,000,000","0","Đăng ký mua điểm","Chờ xử lý",""," [Phê Duyệt] | [HỦY]"
"178","","#6864","Mua MPG","nhuan87","nhuan87","6/22/2020 19:06","0","1,258,000","0","Đăng ký mua điểm","Chờ xử lý",""," [Phê Duyệt] | [HỦY]"
"179","","#6863","Mua MPG","phamsen20","phamsen20","6/22/2020 16:06","0","200,000","0","Mua hang","Chờ xử lý",""," [Phê Duyệt] | [HỦY]"
"180","","#6845","Mua MPG","hoangxuan999","hoangxuan999","6/22/2020 10:06","0","500,000","0","Đăng ký mua điểm","Chờ xử lý",""," [Phê Duyệt] | [HỦY]"
"181","","#6842","Mua MPG","thanhhung83","thanhhung83","6/22/2020 9:06","0","676,000","0","Đơn hàng thanhhung83","Chờ xử lý",""," [Phê Duyệt] | [HỦY]"
"182","","#6484","Mua MPG","lehai71","lehai71","6/21/2020 21:06","0","1,000,000","0","Đăng ký mua điểm","Chờ xử lý",""," [Phê Duyệt] | [HỦY]"
"183","","#6483","Mua MPG","truongson67ht","truongson67ht","6/21/2020 18:06","0","600,000","0","Đăng ký mua điểm","Chờ xử lý",""," [Phê Duyệt] | [HỦY]"
"184","","#6482","Mua MPG","mai88","mai88","6/21/2020 15:06","0","848,000","0","Mua hàng","Chờ xử lý",""," [Phê Duyệt] | [HỦY]"
"185","","#6479","Mua MPG","mai88","mai88","6/21/2020 8:06","0","500,000","0","Đăng ký mua điểm","Chờ xử lý",""," [Phê Duyệt] | [HỦY]"
"186","","#6120","Mua MPG","dung83","dung83","6/20/2020 20:06","0","500,000","0","Đăng ký mua điểm","Chờ xử lý",""," [Phê Duyệt] | [HỦY]"
"187","","#6119","Mua MPG","khanh76","khanh76","6/20/2020 20:06","0","500,000","0","Đăng ký mua điểm","Chờ xử lý",""," [Phê Duyệt] | [HỦY]"
"188","","#6118","Mua MPG","thanhtruc02","thanhtruc02","6/20/2020 19:06","0","50,000,000","0","A vương tỉnh Gia mua hàng Đại lý: Đại Lý Nguyễn Thị Bột Tĩnh Gia - Thanh Hóa","Chờ xử lý",""," [Phê Duyệt] | [HỦY]"
"189","","#6115","Mua MPG","buihung96","buihung96","6/20/2020 18:06","0","500,000","0","Đăng ký mua điểm","Chờ xử lý",""," [Phê Duyệt] | [HỦY]"
"190","","#6111","Mua MPG","huonggiang92","huonggiang92","6/20/2020 14:06","0","500,000","0","Đăng ký mua điểm","Chờ xử lý",""," [Phê Duyệt] | [HỦY]"
"191","","#5750","Mua MPG","yenhuong87","yenhuong87","6/19/2020 18:06","0","500,000","0","Đăng ký mua điểm","Chờ xử lý",""," [Phê Duyệt] | [HỦY]"
"192","","#5746","Mua MPG","936461838","936461838","6/19/2020 15:06","0","500,000","0","Mua hàng","Chờ xử lý",""," [Phê Duyệt] | [HỦY]"
"193","","#5745","Mua MPG","936461838","936461838","6/19/2020 15:06","0","500,000","0","Đăng ký mua điểm","Chờ xử lý",""," [Phê Duyệt] | [HỦY]"
"194","","#5385","Mua MPG","nguyenhanh","nguyenhanh","6/18/2020 22:06","0","1,000,000","0","Hanh","Chờ xử lý",""," [Phê Duyệt] | [HỦY]"
"195","","#5377","Mua MPG","xuanhuong87","xuanhuong87","6/18/2020 10:06","0","500,000","0","Đăng ký mua điểm","Chờ xử lý",""," [Phê Duyệt] | [HỦY]"
"196","","#5012","Mua MPG","minh60","minh60","6/17/2020 22:06","0","500,000","0","Đăng ký mua điểm","Chờ xử lý",""," [Phê Duyệt] | [HỦY]"
"197","","#5011","Mua MPG","hanhle90","hanhle90","6/17/2020 22:06","0","1,280,000","0","Đăng ký mua điểm","Chờ xử lý",""," [Phê Duyệt] | [HỦY]"
"198","","#5004","Mua MPG","kieutrang123","kieutrang123","6/17/2020 16:06","0","20,000,000","0","Đăng ký mua điểm","Chờ xử lý",""," [Phê Duyệt] | [HỦY]"
"199","","#4998","Mua MPG","dophuong","dophuong","6/17/2020 14:06","0","500,000","0","Đăng ký mua điểm","Chờ xử lý",""," [Phê Duyệt] | [HỦY]"
"200","","#4609","Mua MPG","tuanbd","tuanbd","6/16/2020 18:06","0","500,000","0","Đăng ký mua điểm","Chờ xử lý",""," [Phê Duyệt] | [HỦY]"
"201","","#4584","Mua MPG","thanhtt","thanhtt","6/16/2020 12:06","0","200,000","0","Mua MPG","Chờ xử lý",""," [Phê Duyệt] | [HỦY]"
"202","","#4583","Mua MPG","thanhtt","thanhtt","6/16/2020 12:06","0","500,000","0","Mua MPG","Chờ xử lý",""," [Phê Duyệt] | [HỦY]"
"203","","#4133","Mua MPG","Huynhhuyen87","Huynhhuyen87","6/15/2020 8:06","0","1,200,000","0","Rút tiền về tài khoản Đại lý: Đại Lý Huỳnh Thị Huyện Thăng Bình-Quảng Nam","Chờ xử lý",""," [Phê Duyệt] | [HỦY]"
"204","","#3767","Mua MPG","hoandc","hoandc","6/14/2020 21:06","0","350,000","0","mua hàng","Chờ xử lý",""," [Phê Duyệt] | [HỦY]"
"205","","#3765","Mua MPG","vuhangna1","vuhangna1","6/14/2020 21:06","0","1,000,000","0","Huyen mua hang Đại lý: Đại Lý Vũ Thị Hằng Tĩnh Gia - Thanh Hóa","Chờ xử lý",""," [Phê Duyệt] | [HỦY]"
"206","","#3763","Mua MPG","nguyet123","nguyet123","6/14/2020 17:06","0","500,000","0","Đăng ký mua điểm","Chờ xử lý",""," [Phê Duyệt] | [HỦY]"
"207","","#3747","Mua MPG","duongduc92","duongduc92","6/14/2020 10:06","0","500,000","0","Đăng ký mua điểm","Chờ xử lý",""," [Phê Duyệt] | [HỦY]"
"208","","#3399","Mua MPG","tinhnl1","tinhnl1","6/13/2020 18:06","0","3,850,000","0","11 đơn hàng 2800k","Chờ xử lý",""," [Phê Duyệt] | [HỦY]"
"209","","#3359","Mua MPG","Hoanghiep76","Hoanghiep76","6/13/2020 10:06","0","500","0","Hoanghiep76","Chờ xử lý",""," [Phê Duyệt] | [HỦY]"
"210","","#3358","Mua MPG","The77","The77","6/13/2020 9:06","0","608,000","0","mua hàng","Chờ xử lý",""," [Phê Duyệt] | [HỦY]"
"211","","#3357","Mua MPG","the77","the77","6/13/2020 9:06","0","608,000","0","Đăng ký mua điểm","Chờ xử lý",""," [Phê Duyệt] | [HỦY]"
"212","","#3352","Mua MPG","hoath1","hoath1","6/13/2020 8:06","0","7,000,000","0","20 đơn 2800k","Chờ xử lý",""," [Phê Duyệt] | [HỦY]"
"213","","#3351","Mua MPG","hien01","hien01","6/13/2020 8:06","0","11,200,000","0","31 đơn 2800k + 1 đơn 500k tổng 32x350= 11200","Chờ xử lý",""," [Phê Duyệt] | [HỦY]"
"214","","#3350","Mua MPG","huyenct01","huyenct01","6/13/2020 8:06","0","3,500,000","0","huyền 9 đơn + sinh 1 đơn","Chờ xử lý",""," [Phê Duyệt] | [HỦY]"
"215","","#3349","Mua MPG","xinhct1","xinhct1","6/13/2020 8:06","0","7,000,000","0","xinh 19 đon + phương 1 đơn tổng 20 don","Chờ xử lý",""," [Phê Duyệt] | [HỦY]"
"216","","#3347","Mua MPG","ngocth1","ngocth1","6/13/2020 8:06","0","4,550,000","0","ngọc 11ma thăng 2ma tổng 13 x 350 = 4550k","Chờ xử lý",""," [Phê Duyệt] | [HỦY]"
"217","","#3024","Mua MPG","nguyenhienhabac78","nguyenhienhabac78","6/12/2020 22:06","0","1,500,000","0","Đăng ký mua điểm","Chờ xử lý",""," [Phê Duyệt] | [HỦY]"
"218","","#3017","Mua MPG","Tho83","Tho83","6/12/2020 22:06","0","14,000,000","0","ck mua hàng","Chờ xử lý",""," [Phê Duyệt] | [HỦY]"
"219","","#3013","Mua MPG","Hai87","Hai87","6/12/2020 22:06","0","500,000","0","ck mua hàng","Chờ xử lý",""," [Phê Duyệt] | [HỦY]"
"220","","#3006","Mua MPG","thaihoaqn","thaihoaqn","6/12/2020 22:06","0","530,000","0","Đăng ký mua điểm","Chờ xử lý",""," [Phê Duyệt] | [HỦY]"
"221","","#2994","Mua MPG","viet01","viet01","6/12/2020 21:06","0","529,000","0","Đăng ký mua điểm","Chờ xử lý",""," [Phê Duyệt] | [HỦY]"
"222","","#2992","Mua MPG","Hoaduong86","Hoaduong86","6/12/2020 21:06","0","20,420,000","0","Chuyển khoản Đại lý: Đại Lý Dương thị Hoà Lý Sơn-Quảng Ngãi","Chờ xử lý",""," [Phê Duyệt] | [HỦY]"
"223","","#2987","Mua MPG","quang96","quang96","6/12/2020 21:06","0","500,000","0","Đăng ký mua điểm","Chờ xử lý",""," [Phê Duyệt] | [HỦY]"
"224","","#2983","Mua MPG","huong79","huong79","6/12/2020 20:06","0","500,000","0","Đăng ký mua điểm","Chờ xử lý",""," [Phê Duyệt] | [HỦY]"
"225","","#2961","Mua MPG","Hoaduong86","Hoaduong86","6/12/2020 18:06","0","47,710,000","0","Chuyển khoản Đại lý: Đại Lý Dương thị Hoà Lý Sơn-Quảng Ngãi","Chờ xử lý",""," [Phê Duyệt] | [HỦY]"
"226","","#2951","Mua MPG","giang81","giang81","6/12/2020 18:06","0","20,000,000","0","Đăng ký mua điểm","Chờ xử lý",""," [Phê Duyệt] | [HỦY]"
"227","","#2949","Mua MPG","hoale84","hoale84","6/12/2020 17:06","0","1,020,000","0","Đăng ký mua điểm","Chờ xử lý",""," [Phê Duyệt] | [HỦY]"
"228","","#2946","Mua MPG","thao92","thao92","6/12/2020 17:06","0","1,000,000","0","Đăng ký mua điểm","Chờ xử lý",""," [Phê Duyệt] | [HỦY]"
"229","","#2935","Mua MPG","thannghe20","thannghe20","6/12/2020 17:06","0","3,940,000","0","Mua hang","Chờ xử lý",""," [Phê Duyệt] | [HỦY]"
"230","","#2923","Mua MPG","daotydo","daotydo","6/12/2020 16:06","0","2,300,000","0","Mua hang","Chờ xử lý",""," [Phê Duyệt] | [HỦY]"
"231","","#2914","Mua MPG","thannghe20","thannghe20","6/12/2020 15:06","0","5,000,000","0","Đăng ký mua điểm","Chờ xử lý",""," [Phê Duyệt] | [HỦY]"
"232","","#2902","Mua MPG","Hai123","Hai123","6/12/2020 14:06","0","21,000,000","0","Mua hàng cho ID Thu123","Chờ xử lý",""," [Phê Duyệt] | [HỦY]"
"233","","#2901","Mua MPG","thu123","thu123","6/12/2020 14:06","0","500,000","0","Đăng ký mua điểm","Chờ xử lý",""," [Phê Duyệt] | [HỦY]"
"234","","#2899","Mua MPG","doanthithuy","doanthithuy","6/12/2020 14:06","0","21,500,000","0","Mua diem Đại lý: Đại Lý Đoàn Thị Thủy tp.Thanh Hóa - Thanh Hóa","Chờ xử lý",""," [Phê Duyệt] | [HỦY]"
"235","","#2890","Mua MPG","ngohien90","ngohien90","6/12/2020 14:06","0","540,000","0","Đăng ký mua điểm","Chờ xử lý",""," [Phê Duyệt] | [HỦY]"
"236","","#2885","Mua MPG","hieu89","hieu89","6/12/2020 13:06","0","500,000","0","Đăng ký mua điểm","Chờ xử lý",""," [Phê Duyệt] | [HỦY]"
"237","","#2882","Mua MPG","tinhnguyen87","tinhnguyen87","6/12/2020 13:06","0","680,000","0","Mua hàng","Chờ xử lý",""," [Phê Duyệt] | [HỦY]"
"238","","#2854","Mua MPG","loi92","loi92","6/12/2020 10:06","0","540,000","0","Mua mpg","Chờ xử lý",""," [Phê Duyệt] | [HỦY]"
"239","","#2837","Mua MPG","nva1997","nva1997","6/12/2020 9:06","0","500,000","0","Đăng ký mua điểm","Chờ xử lý",""," [Phê Duyệt] | [HỦY]"
"240","","#2826","Mua MPG","nhung54","nhung54","6/12/2020 5:06","0","536,000","0","Đăng ký mua điểm","Chờ xử lý",""," [Phê Duyệt] | [HỦY]"
"241","","#2624","Mua MPG","nhiem87","nhiem87","6/11/2020 22:06","0","30,000,000","0","Đăng ký mua điểm","Chờ xử lý",""," [Phê Duyệt] | [HỦY]"
"242","","#2593","Mua MPG","tranthuhailinh","tranthuhailinh","6/11/2020 13:06","0","2,800,000","0","Đăng ký mua điểm","Chờ xử lý",""," [Phê Duyệt] | [HỦY]"
"243","","#2592","Mua MPG","Huynhhoa80","Huynhhoa80","6/11/2020 11:06","0","2,000,000","0","Huynhhoa80 ck mua đơn hàng","Chờ xử lý",""," [Phê Duyệt] | [HỦY]"
"244","","#2591","Mua MPG","huynhhoa80","huynhhoa80","6/11/2020 11:06","0","2,000,000","0","Đăng ký mua điểm","Chờ xử lý",""," [Phê Duyệt] | [HỦY]"
"245","","#2583","Mua MPG","thuongle86","thuongle86","6/11/2020 9:06","0","560,000","0","Đăng ký mua điểm","Chờ xử lý",""," [Phê Duyệt] | [HỦY]"
"246","","#2409","Mua MPG","nguyenvan1","nguyenvan1","6/10/2020 21:06","0","500,000","0","Mua đơn hàng","Chờ xử lý",""," [Phê Duyệt] | [HỦY]"
"247","","#2394","Mua MPG","Thuha97","Thuha97","6/10/2020 18:06","0","31,610,000","0","Chuyển khoản","Chờ xử lý",""," [Phê Duyệt] | [HỦY]"
"248","","#2391","Mua MPG","Hoaduong86","Hoaduong86","6/10/2020 18:06","0","51,913,000","0","Chuyển khoản Đại lý: Đại Lý Dương thị Hoà Lý Sơn-Quảng Ngãi","Chờ xử lý",""," [Phê Duyệt] | [HỦY]"
"249","","#2390","Mua MPG","Hoaduong86","Hoaduong86","6/10/2020 18:06","0","50,000,000","0","Chuyển khoản Đại lý: Đại Lý Dương thị Hoà Lý Sơn-Quảng Ngãi","Chờ xử lý",""," [Phê Duyệt] | [HỦY]"
"250","","#2385","Mua MPG","tuan61","tuan61","6/10/2020 17:06","0","500,000","0","Đăng ký mua điểm","Chờ xử lý",""," [Phê Duyệt] | [HỦY]"
"251","","#2383","Mua MPG","myhuong79","myhuong79","6/10/2020 16:06","0","30,000,000","0","Đăng ký mua điểm","Chờ xử lý",""," [Phê Duyệt] | [HỦY]"
"252","","#2380","Mua MPG","lehongquangxuong","lehongquangxuong","6/10/2020 14:06","0","642,000","0","Đăng ký mua điểm","Chờ xử lý",""," [Phê Duyệt] | [HỦY]"
"253","","#2378","Mua MPG","tho83","tho83","6/10/2020 13:06","0","500,000","0","Đăng ký mua điểm","Chờ xử lý",""," [Phê Duyệt] | [HỦY]"
"254","","#2377","Mua MPG","ngothuan37","ngothuan37","6/10/2020 11:06","0","520,000","0","Đăng ký mua điểm","Chờ xử lý",""," [Phê Duyệt] | [HỦY]"
"255","","#2374","Mua MPG","cuong92","cuong92","6/10/2020 11:06","0","500,000","0","Đăng ký mua điểm","Chờ xử lý",""," [Phê Duyệt] | [HỦY]"
"256","","#2365","Mua MPG","xoan92","xoan92","6/10/2020 0:06","0","500,000","0","Đăng ký mua điểm","Chờ xử lý",""," [Phê Duyệt] | [HỦY]"
"257","","#2216","Mua MPG","hoatien20","hoatien20","6/9/2020 17:06","0","500,000","0","Mua hàng","Chờ xử lý",""," [Phê Duyệt] | [HỦY]"
"258","","#2213","Mua MPG","nguyetth","nguyetth","6/9/2020 16:06","0","1,040,000","0","Đăng ký mua điểm","Chờ xử lý",""," [Phê Duyệt] | [HỦY]"
"259","","#2212","Mua MPG","dungth","dungth","6/9/2020 16:06","0","30,000,000","0","Đăng ký mua điểm","Chờ xử lý",""," [Phê Duyệt] | [HỦY]"
"260","","#2205","Mua MPG","tuyen37","tuyen37","6/9/2020 13:06","0","20,040,000","0","Đăng ký mua điểm","Chờ xử lý",""," [Phê Duyệt] | [HỦY]"
"261","","#2195","Mua MPG","loi92","loi92","6/9/2020 9:06","0","540,000","0","Đăng ký mua điểm","Chờ xử lý",""," [Phê Duyệt] | [HỦY]"
"262","","#2058","Mua MPG","dailyhoangthi","dailyhoangthi","6/8/2020 19:06","0","20,000,000","0","Đăng ký mua điểm","Chờ xử lý",""," [Phê Duyệt] | [HỦY]"
"263","","#2037","Mua MPG","hoatien20","hoatien20","6/8/2020 14:06","0","500,000","0","Mua hàng","Chờ xử lý",""," [Phê Duyệt] | [HỦY]"
"264","","#2031","Mua MPG","nghean37","nghean37","6/8/2020 11:06","0","126,900","0","Mua hàng","Chờ xử lý",""," [Phê Duyệt] | [HỦY]"
"265","","#2030","Mua MPG","tranhuongna20","tranhuongna20","6/8/2020 11:06","0","857,000","0","Mua hàng","Chờ xử lý",""," [Phê Duyệt] | [HỦY]"
"266","","#2027","Mua MPG","maitq","maitq","6/8/2020 9:06","0","500,000","0","Đăng ký mua điểm","Chờ xử lý",""," [Phê Duyệt] | [HỦY]"
"267","","#2025","Mua MPG","oanh37","oanh37","6/8/2020 8:06","0","500,000","0","Đăng ký mua điểm","Chờ xử lý",""," [Phê Duyệt] | [HỦY]"
"268","","#2021","Mua MPG","hoan20","hoan20","6/8/2020 8:06","0","500,000","0","Đăng ký mua điểm","Chờ xử lý",""," [Phê Duyệt] | [HỦY]"
"269","","#1897","Mua MPG","thuhienth","thuhienth","6/7/2020 16:06","0","503,000","0","Đăng ký mua điểm","Chờ xử lý",""," [Phê Duyệt] | [HỦY]"
"270","","#1896","Mua MPG","haphuongna20","haphuongna20","6/7/2020 15:06","0","20,077","0","Mua hang","Chờ xử lý",""," [Phê Duyệt] | [HỦY]"
"271","","#1894","Mua MPG","thuylinh81","thuylinh81","6/7/2020 14:06","0","2,000,000","0","Đăng ký mua điểm","Chờ xử lý",""," [Phê Duyệt] | [HỦY]"
"272","","#1881","Mua MPG","linhct","linhct","6/7/2020 10:06","0","517,000","0","Đăng ký mua điểm","Chờ xử lý",""," [Phê Duyệt] | [HỦY]"
"273","","#1760","Mua MPG","xuanhuong123","xuanhuong123","6/6/2020 23:06","0","500,000","0","Đăng ký mua điểm","Chờ xử lý",""," [Phê Duyệt] | [HỦY]"
"274","","#1751","Mua MPG","thucnguyen90qn","thucnguyen90qn","6/6/2020 17:06","0","20,000,000","0","Đăng ký mua điểm","Chờ xử lý",""," [Phê Duyệt] | [HỦY]"
"275","","#1750","Mua MPG","nguyetbao20","nguyetbao20","6/6/2020 16:06","0","600,000","0","Mua hang","Chờ xử lý",""," [Phê Duyệt] | [HỦY]"
"276","","#1748","Mua MPG","lienhung76","lienhung76","6/6/2020 16:06","0","340,000","0","Mua thêm hàng","Chờ xử lý",""," [Phê Duyệt] | [HỦY]"
"277","","#1747","Mua MPG","ngathan20","ngathan20","6/6/2020 16:06","0","340,000","0","Mua thêm hàng","Chờ xử lý",""," [Phê Duyệt] | [HỦY]"
"278","","#1746","Mua MPG","ngathan20","ngathan20","6/6/2020 15:06","0","150,000","0","Mua thêm hàng","Chờ xử lý",""," [Phê Duyệt] | [HỦY]"
"279","","#1741","Mua MPG","chuthongdl63","chuthongdl63","6/6/2020 10:06","0","500,000","0","Đăng ký mua điểm","Chờ xử lý",""," [Phê Duyệt] | [HỦY]"
"280","","#1608","Mua MPG","thudn","thudn","6/5/2020 14:06","0","1,000,000","0","Đăng ký mua điểm","Chờ xử lý",""," [Phê Duyệt] | [HỦY]"
"281","","#1607","Mua MPG","ngobich","ngobich","6/5/2020 14:06","0","502,000","0","Đăng ký mua điểm","Chờ xử lý",""," [Phê Duyệt] | [HỦY]"
"282","","#1592","Mua MPG","nguyenty37","nguyenty37","6/5/2020 8:06","0","989,000","0","Đăng ký mua điểm","Chờ xử lý",""," [Phê Duyệt] | [HỦY]"
"283","","#1487","Mua MPG","ngale92","ngale92","6/4/2020 20:06","0","500,000","0","Đăng ký mua điểm","Chờ xử lý",""," [Phê Duyệt] | [HỦY]"
"284","","#1387","Mua MPG","phamthidao","phamthidao","6/3/2020 21:06","0","596,000","0","Đăng ký mua điểm","Chờ xử lý",""," [Phê Duyệt] | [HỦY]"
"285","","#1380","Mua MPG","phamhoa","phamhoa","6/3/2020 16:06","0","1,122,000","0","Đăng ký mua điểm","Chờ xử lý",""," [Phê Duyệt] | [HỦY]"
"286","","#1378","Mua MPG","Lehanh86","Lehanh86","6/3/2020 15:06","0","520,000","0","Mua mpg","Chờ xử lý",""," [Phê Duyệt] | [HỦY]"
"287","","#1374","Mua MPG","hien83","hien83","6/3/2020 15:06","0","20,000,000","0","ck mua mở mã đại lý","Chờ xử lý",""," [Phê Duyệt] | [HỦY]"
"288","","#1373","Mua MPG","hien83","hien83","6/3/2020 15:06","0","20,000,000","0","Đăng ký mua điểm","Chờ xử lý",""," [Phê Duyệt] | [HỦY]"
"289","","#1372","Mua MPG","tuongmy","tuongmy","6/3/2020 12:06","0","500,000","0","Đăng ký mua điểm","Chờ xử lý",""," [Phê Duyệt] | [HỦY]"
"290","","#1371","Mua MPG","hatien","hatien","6/3/2020 12:06","0","500,000","0","Đăng ký mua điểm","Chờ xử lý",""," [Phê Duyệt] | [HỦY]"
"291","","#1369","Mua MPG","lehanh86","lehanh86","6/3/2020 12:06","0","525,000","0","Đăng ký mua điểm","Chờ xử lý",""," [Phê Duyệt] | [HỦY]"
"292","","#1365","Mua MPG","nguyentn","nguyentn","6/3/2020 10:06","0","500,000","0","Đăng ký mua điểm","Chờ xử lý",""," [Phê Duyệt] | [HỦY]"
"293","","#1364","Mua MPG","thiviet123","thiviet123","6/3/2020 9:06","0","50,000","0","Mua hàng","Chờ xử lý",""," [Phê Duyệt] | [HỦY]"
"294","","#1363","Mua MPG","thuxuan123","thuxuan123","6/3/2020 9:06","0","1,000,000","0","Đăng ký mua điểm","Chờ xử lý",""," [Phê Duyệt] | [HỦY]"
"295","","#1343","Mua MPG","chung01","chung01","6/2/2020 17:06","0","581,000","0","ck mua hàng Đại lý: Đại Lý Đỗ Thị Chung Vĩnh Lộc - Thanh Hóa","Chờ xử lý",""," [Phê Duyệt] | [HỦY]"
"296","","#1342","Mua MPG","kimyen","kimyen","6/2/2020 17:06","0","503,000","0","Đăng ký mua điểm","Chờ xử lý",""," [Phê Duyệt] | [HỦY]"
"297","","#1323","Mua MPG","huongxoan20","huongxoan20","6/2/2020 10:06","0","500,000","0","Đăng ký mua điểm","Chờ xử lý",""," [Phê Duyệt] | [HỦY]"
"298","","#1286","Mua MPG","son80","son80","6/1/2020 20:06","0","500,000","0","Đăng ký mua điểm","Chờ xử lý",""," [Phê Duyệt] | [HỦY]"
"299","","#1279","Mua MPG","Hoaduong86","Hoaduong86","6/1/2020 17:06","0","31,050,000","0","Chuyển tài khoản Đại lý: Đại Lý Dương thị Hoà Lý Sơn-Quảng Ngãi","Chờ xử lý",""," [Phê Duyệt] | [HỦY]"
"300","","#1270","Mua MPG","thiha123","thiha123","6/1/2020 15:06","0","500,000","0","Đăng ký mua điểm","Chờ xử lý",""," [Phê Duyệt] | [HỦY]"
"301","","#1266","Mua MPG","huongsinh123","huongsinh123","6/1/2020 15:06","0","500,000","0","Đăng ký mua điểm","Chờ xử lý",""," [Phê Duyệt] | [HỦY]"
"302","","#1263","Mua MPG","Thanh56","Thanh56","6/1/2020 14:06","0","505,000","0","Mua hàng","Chờ xử lý",""," [Phê Duyệt] | [HỦY]"
"303","","#1261","Mua MPG","hai91","hai91","6/1/2020 14:06","0","515,000","0","Đăng ký mua điểm","Chờ xử lý",""," [Phê Duyệt] | [HỦY]"
"304","","#1254","Mua MPG","nguyenthilien","nguyenthilien","6/1/2020 9:06","0","560,000","0","Đăng ký mua điểm","Chờ xử lý",""," [Phê Duyệt] | [HỦY]"
"305","","#1244","Mua MPG","thuong83","thuong83","5/31/2020 20:05","0","20,000,000","0","mua hàng","Chờ xử lý",""," [Phê Duyệt] | [HỦY]"
"306","","#1243","Mua MPG","thuong83","thuong83","5/31/2020 20:05","0","20,000,000","0","Đăng ký mua điểm","Chờ xử lý",""," [Phê Duyệt] | [HỦY]"
"307","","#1240","Mua MPG","haqn","haqn","5/31/2020 18:05","0","20,000,000","0","Đăng ký mua điểm","Chờ xử lý",""," [Phê Duyệt] | [HỦY]"
"308","","#1236","Mua MPG","tieple91","tieple91","5/31/2020 16:05","0","500,000","0","Đăng ký mua điểm","Chờ xử lý",""," [Phê Duyệt] | [HỦY]"
"309","","#1233","Mua MPG","cuc2020","cuc2020","5/31/2020 11:05","0","20,000","0","Mua hang","Chờ xử lý",""," [Phê Duyệt] | [HỦY]"
"310","","#1232","Mua MPG","thamquan","thamquan","5/31/2020 9:05","0","100,000,000","0","Đăng ký mua điểm","Chờ xử lý",""," [Phê Duyệt] | [HỦY]"
"311","","#1223","Mua MPG","trang91","trang91","5/30/2020 17:05","0","20,000,000","0","Mua hàng","Chờ xử lý",""," [Phê Duyệt] | [HỦY]"
"312","","#1221","Mua MPG","trang91","trang91","5/30/2020 17:05","0","20,000,000","0","Đăng ký mua điểm","Chờ xử lý",""," [Phê Duyệt] | [HỦY]"
"313","","#1211","Mua MPG","kimsoa37","kimsoa37","5/30/2020 11:05","0","617,000","0","Đăng ký mua điểm","Chờ xử lý",""," [Phê Duyệt] | [HỦY]"
"314","","#1193","Mua MPG","Nghiatrandc","Nghiatrandc","5/29/2020 22:05","0","513,000","0","Nghĩa đặt hàng Đại lý: Đại Lý Trần Thị Nghĩa Diễn Châu - Nghệ An","Chờ xử lý",""," [Phê Duyệt] | [HỦY]"
"315","","#1186","Mua MPG","dunggodau1","dunggodau1","5/29/2020 17:05","0","500,000","0","Đăng ký mua điểm","Chờ xử lý",""," [Phê Duyệt] | [HỦY]"
"316","","#1185","Mua MPG","ngohuy","ngohuy","5/29/2020 17:05","0","1,000,000","0","Đăng ký mua điểm","Chờ xử lý",""," [Phê Duyệt] | [HỦY]"
"317","","#1183","Mua MPG","phuong2020","phuong2020","5/29/2020 15:05","0","3,000,000","0","Mua hang","Chờ xử lý",""," [Phê Duyệt] | [HỦY]"
"318","","#1165","Mua MPG","levanhoang","levanhoang","5/29/2020 10:05","0","500,000","0","Đăng ký mua điểm","Chờ xử lý",""," [Phê Duyệt] | [HỦY]"
"319","","#1137","Mua MPG","Vantuan71","Vantuan71","5/28/2020 7:05","0","543,000","0","Chuyển khoản","Chờ xử lý",""," [Phê Duyệt] | [HỦY]"
"320","","#1116","Mua MPG","vungocna","vungocna","5/27/2020 14:05","0","10,850,000","0","Mua hang","Chờ xử lý",""," [Phê Duyệt] | [HỦY]"
"321","","#1106","Mua MPG","xinhct1","xinhct1","5/27/2020 10:05","0","50,000,000","0","mua hàng","Chờ xử lý",""," [Phê Duyệt] | [HỦY]"
"322","","#1096","Mua MPG","Dotaitg","Dotaitg","5/26/2020 22:05","0","1,000,000","0","Mua hang","Chờ xử lý",""," [Phê Duyệt] | [HỦY]"
"323","","#1093","Mua MPG","thiviet123","thiviet123","5/26/2020 20:05","0","500,000","0","Đăng ký mua điểm","Chờ xử lý",""," [Phê Duyệt] | [HỦY]"
"324","","#1090","Mua MPG","vanle20","vanle20","5/26/2020 17:05","0","500,000","0","Đăng ký mua điểm","Chờ xử lý",""," [Phê Duyệt] | [HỦY]"
"325","","#1084","Mua MPG","lecuong80","lecuong80","5/26/2020 15:05","0","520,000","0","Đăng ký mua điểm","Chờ xử lý",""," [Phê Duyệt] | [HỦY]"
"326","","#1081","Mua MPG","tynibd","tynibd","5/26/2020 15:05","0","565,000","0","Đăng ký mua điểm","Chờ xử lý",""," [Phê Duyệt] | [HỦY]"
"327","","#1075","Mua MPG","khanhlienpham","khanhlienpham","5/26/2020 9:05","0","520,000","0","Đăng ký mua điểm","Chờ xử lý",""," [Phê Duyệt] | [HỦY]"
"328","","#1074","Mua MPG","atm141","atm141","5/26/2020 9:05","0","525,000","0","Đăng ký mua điểm","Chờ xử lý",""," [Phê Duyệt] | [HỦY]"
"329","","#1073","Mua MPG","nguyetbao20","nguyetbao20","5/26/2020 9:05","0","594,000","0","Đăng ký mua điểm","Chờ xử lý",""," [Phê Duyệt] | [HỦY]"
"330","","#1062","Mua MPG","Vuhoai","Vuhoai","5/25/2020 20:05","0","517,000","0","Đặt mua hàng","Chờ xử lý",""," [Phê Duyệt] | [HỦY]"
"331","","#1029","Mua MPG","anthuongvp","anthuongvp","5/24/2020 23:05","0","20,000,000","0","Đăng ký mua điểm","Chờ xử lý",""," [Phê Duyệt] | [HỦY]"
"332","","#1027","Mua MPG","nguyet67","nguyet67","5/24/2020 23:05","0","500,000","0","Đăng ký mua điểm","Chờ xử lý",""," [Phê Duyệt] | [HỦY]"
"333","","#1026","Mua MPG","nguyenvan1","nguyenvan1","5/24/2020 23:05","0","500,000","0","Đăng ký mua điểm","Chờ xử lý",""," [Phê Duyệt] | [HỦY]"
"334","","#1023","Mua MPG","viethd","viethd","5/24/2020 20:05","0","30,000,000","0","Đăng ký mua điểm","Chờ xử lý",""," [Phê Duyệt] | [HỦY]"
"335","","#1009","Mua MPG","chien170595","chien170595","5/24/2020 13:05","0","500,000","0","Đăng ký mua điểm","Chờ xử lý",""," [Phê Duyệt] | [HỦY]"
"336","","#1008","Mua MPG","thuynguyen","thuynguyen","5/24/2020 13:05","0","566,000","0","Đăng ký mua điểm","Chờ xử lý",""," [Phê Duyệt] | [HỦY]"
"337","","#1007","Mua MPG","trongkhoa70","trongkhoa70","5/24/2020 13:05","0","550,000","0","Đăng ký mua điểm","Chờ xử lý",""," [Phê Duyệt] | [HỦY]"
"338","","#1004","Mua MPG","phuong2020","phuong2020","5/24/2020 8:05","0","5,000,000","0","Mua hàng","Chờ xử lý",""," [Phê Duyệt] | [HỦY]"
"339","","#1003","Mua MPG","phuong2020","phuong2020","5/24/2020 8:05","0","5,000,000","0","Mua hàng","Chờ xử lý",""," [Phê Duyệt] | [HỦY]"
"340","","#999","Mua MPG","dinhsinh123","dinhsinh123","5/23/2020 18:05","0","500,000","0","Đăng ký mua điểm","Chờ xử lý",""," [Phê Duyệt] | [HỦY]"
"341","","#995","Mua MPG","quang68","quang68","5/23/2020 15:05","0","500,000","0","Đăng ký mua điểm","Chờ xử lý",""," [Phê Duyệt] | [HỦY]"
"342","","#992","Mua MPG","maiphuong89","maiphuong89","5/23/2020 13:05","0","500,000","0","Đăng ký mua điểm","Chờ xử lý",""," [Phê Duyệt] | [HỦY]"
"343","","#979","Mua MPG","hoangnihp","hoangnihp","5/22/2020 16:05","0","500,000","0","Đăng ký mua điểm","Chờ xử lý",""," [Phê Duyệt] | [HỦY]"
"344","","#974","Mua MPG","phuong37","phuong37","5/22/2020 15:05","0","500,000","0","Đăng ký mua điểm","Chờ xử lý",""," [Phê Duyệt] | [HỦY]"
"345","","#970","Mua MPG","nnguyenoanh","nnguyenoanh","5/22/2020 13:05","0","320","0","Mua 8 lọ vin","Chờ xử lý",""," [Phê Duyệt] | [HỦY]"
"346","","#969","Mua MPG","thibac123","thibac123","5/22/2020 12:05","0","500,000","0","Đăng ký mua điểm","Chờ xử lý",""," [Phê Duyệt] | [HỦY]"
"347","","#968","Mua MPG","damdung","damdung","5/22/2020 9:05","0","525,000","0","Đăng ký mua điểm","Chờ xử lý",""," [Phê Duyệt] | [HỦY]"
"348","","#965","Mua MPG","vananhna20","vananhna20","5/22/2020 8:05","0","525,000","0","Mua hang","Chờ xử lý",""," [Phê Duyệt] | [HỦY]"
"349","","#964","Mua MPG","vananhna20","vananhna20","5/22/2020 8:05","0","525,000","0","Đăng ký mua điểm","Chờ xử lý",""," [Phê Duyệt] | [HỦY]"
"350","","#955","Mua MPG","namle","namle","5/21/2020 21:05","0","500,000","0","Đăng ký mua điểm","Chờ xử lý",""," [Phê Duyệt] | [HỦY]"
"351","","#938","Mua MPG","minhvuongqn","minhvuongqn","5/21/2020 13:05","0","500,000","0","Đăng ký mua điểm","Chờ xử lý",""," [Phê Duyệt] | [HỦY]"
"352","","#934","Mua MPG","linhda86","linhda86","5/21/2020 11:05","0","500,000","0","Đăng ký mua điểm","Chờ xử lý",""," [Phê Duyệt] | [HỦY]"
"353","","#933","Mua MPG","nguyenthilam","nguyenthilam","5/21/2020 11:05","0","500,000","0","Đăng ký mua điểm","Chờ xử lý",""," [Phê Duyệt] | [HỦY]"
"354","","#930","Mua MPG","oanhvl","oanhvl","5/21/2020 9:05","0","20,000,000","0","Mua hàng từ công ty Đại lý: Đại Lý Trịnh Thị Oanh Vĩnh Lộc - Thanh Hóa","Chờ xử lý",""," [Phê Duyệt] | [HỦY]"
"355","","#929","Mua MPG","huong01","huong01","5/21/2020 9:05","0","20,000,000","0","Mua hàng từ công ty Đại lý: Đại Lý Nguyễn Thị Hương Huyện Vĩnh Lộc-Thanh Hóa","Chờ xử lý",""," [Phê Duyệt] | [HỦY]"
"356","","#917","Mua MPG","hongnhung20","hongnhung20","5/20/2020 18:05","0","15,000,000","0","Đăng ký mua điểm Đại lý: Đại Lý Hoàng Thị Hồng Nhung Thanh Chương-Nghệ An","Chờ xử lý",""," [Phê Duyệt] | [HỦY]"
"357","","#909","Mua MPG","ngocha81","ngocha81","5/20/2020 15:05","0","720,000","0","Mua hàng","Chờ xử lý",""," [Phê Duyệt] | [HỦY]"
"358","","#897","Mua MPG","tongtran","tongtran","5/20/2020 8:05","0","525,000","0","Đăng ký mua điểm","Chờ xử lý",""," [Phê Duyệt] | [HỦY]"
"359","","#887","Mua MPG","hadua2020","hadua2020","5/19/2020 23:05","0","500,000","0","Mua hang","Chờ xử lý",""," [Phê Duyệt] | [HỦY]"
"360","","#886","Mua MPG","hadua2020","hadua2020","5/19/2020 23:05","0","238,000","0","Mua hang","Chờ xử lý",""," [Phê Duyệt] | [HỦY]"
"361","","#883","Mua MPG","lantg01","lantg01","5/19/2020 21:05","0","6,020,000","0","ck mua hàng","Chờ xử lý",""," [Phê Duyệt] | [HỦY]"
"362","","#872","Mua MPG","huongvl","huongvl","5/19/2020 15:05","0","2,000,000","0","Mua hàng đại lý đỗ thị chung","Chờ xử lý",""," [Phê Duyệt] | [HỦY]"
"363","","#865","Mua MPG","Khacbinh123","Khacbinh123","5/19/2020 14:05","0","1,776,000","0","Mua hàng","Chờ xử lý",""," [Phê Duyệt] | [HỦY]"
"364","","#862","Mua MPG","maianhabc","maianhabc","5/19/2020 13:05","0","20,000,000","0","Đăng ký mua điểm","Chờ xử lý",""," [Phê Duyệt] | [HỦY]"
"365","","#848","Mua MPG","nguyentrangqn","nguyentrangqn","5/18/2020 22:05","0","3,535,000","0","Mua hang","Chờ xử lý",""," [Phê Duyệt] | [HỦY]"
"366","","#840","Mua MPG","duyenhan","duyenhan","5/18/2020 17:05","0","850,000","0","Đăng ký mua điểm","Chờ xử lý",""," [Phê Duyệt] | [HỦY]"
"367","","#835","Mua MPG","hongtg","hongtg","5/18/2020 16:05","0","500,000","0","Đăng ký mua điểm","Chờ xử lý",""," [Phê Duyệt] | [HỦY]"
"368","","#827","Mua MPG","duongnguyen","duongnguyen","5/18/2020 14:05","0","74,000,000","0","Đăng ký mua điểm","Chờ xử lý",""," [Phê Duyệt] | [HỦY]"
"369","","#815","Mua MPG","PHAMTHIHIEN","PHAMTHIHIEN","5/18/2020 9:05","0","600,000","0","Gửi tiền mua hàng. Id. PHAMTHIHIEN","Chờ xử lý",""," [Phê Duyệt] | [HỦY]"
"370","","#797","Mua MPG","maitrang89","maitrang89","5/16/2020 20:05","0","500,000","0","Đăng ký mua điểm","Chờ xử lý",""," [Phê Duyệt] | [HỦY]"
"371","","#792","Mua MPG","Phucdc","Phucdc","5/16/2020 15:05","0","4,132,000","0","Mua hàng","Chờ xử lý",""," [Phê Duyệt] | [HỦY]"
"372","","#785","Mua MPG","phamdao","phamdao","5/16/2020 10:05","0","531,000","0","Mua hàng","Chờ xử lý",""," [Phê Duyệt] | [HỦY]"
"373","","#781","Mua MPG","thinhthinh","thinhthinh","5/16/2020 7:05","0","4,088,000","0","Mua hang","Chờ xử lý",""," [Phê Duyệt] | [HỦY]"
"374","","#760","Mua MPG","nguyenminh20","nguyenminh20","5/14/2020 22:05","0","700,000","0","Mua hàng Đại lý: Đại Lý Nguyễn Thị Minh Thanh Chương-Nghệ An","Chờ xử lý",""," [Phê Duyệt] | [HỦY]"
"375","","#759","Mua MPG","nguyenminh20","nguyenminh20","5/14/2020 22:05","0","700,000","0","Đăng ký mua điểm Đại lý: Đại Lý Nguyễn Thị Minh Thanh Chương-Nghệ An","Chờ xử lý",""," [Phê Duyệt] | [HỦY]"
"376","","#750","Mua MPG","nnguyenoanh","nnguyenoanh","5/14/2020 19:05","0","240,000","0","Mua sữa giặt xả2 lọ loại 1.8l","Chờ xử lý",""," [Phê Duyệt] | [HỦY]"
"377","","#717","Mua MPG","hayd","hayd","5/13/2020 18:05","0","1,220,000","0","Đăng ký mua điểm","Chờ xử lý",""," [Phê Duyệt] | [HỦY]"
"378","","#708","Mua MPG","lenguyen","lenguyen","5/13/2020 16:05","0","600,000","0","Đăng ký mua điểm","Chờ xử lý",""," [Phê Duyệt] | [HỦY]"
"379","","#705","Mua MPG","truong","truong","5/13/2020 16:05","0","30,000,000","0","Mua hang","Chờ xử lý",""," [Phê Duyệt] | [HỦY]"
"380","","#704","Mua MPG","truong","truong","5/13/2020 16:05","0","30,000,000","0","Đăng ký mua điểm","Chờ xử lý",""," [Phê Duyệt] | [HỦY]"
"381","","#703","Mua MPG","vothithuyna20","vothithuyna20","5/13/2020 12:05","0","500,000","0","Đăng ký mua điểm","Chờ xử lý",""," [Phê Duyệt] | [HỦY]"
